{"cameraMode":{"drawMode":0,"name":"Shaded","section":"Shading Mode"},"sceneLighting":true,"audioPlay":false,"sceneViewState":{"m_AlwaysRefresh":false,"showFog":true,"showSkybox":true,"showFlares":true,"showImageEffects":true,"showParticleSystems":true,"showVisualEffectGraphs":true,"m_FxEnabled":true},"in2DMode":false,"pivot":{"x":1.812894344329834,"y":23.248836517333986,"z":-12.693708419799805},"rotation":{"x":0.01756400242447853,"y":0.9660102128982544,"z":-0.24872200191020966,"w":0.06821677088737488},"size":25.399930953979493,"orthographic":false}